,date,time,comp,round,day,venue,result,gf,ga,opponent,xg,xga,poss,attendance,captain,formation,referee,match report,notes,sh,sot,dist,fk,pk,pkatt,season,team
0,2022-08-05,20:00,Premier League,Matchweek 1,Fri,Away,W,2.0,0.0,Crystal Palace,1.0,1.2,44.0,25286.0,Martin Ødegaard,4-3-3,Anthony Taylor,Match Report,,10.0,2.0,14.6,1.0,0,0,2022,Arsenal
1,2022-08-13,15:00,Premier League,Matchweek 2,Sat,Home,W,4.0,2.0,Leicester City,2.7,0.5,50.0,60033.0,Martin Ødegaard,4-3-3,Darren England,Match Report,,19.0,7.0,13.0,0.0,0,0,2022,Arsenal
2,2022-08-20,17:30,Premier League,Matchweek 3,Sat,Away,W,3.0,0.0,Bournemouth,1.3,0.3,57.0,10423.0,Martin Ødegaard,4-3-3,Craig Pawson,Match Report,,14.0,6.0,14.8,0.0,0,0,2022,Arsenal
3,2022-08-27,17:30,Premier League,Matchweek 4,Sat,Home,W,2.0,1.0,Fulham,2.6,0.8,71.0,60164.0,Martin Ødegaard,4-3-3,Jarred Gillett,Match Report,,22.0,8.0,15.5,1.0,0,0,2022,Arsenal
4,2022-08-31,19:30,Premier League,Matchweek 5,Wed,Home,W,2.0,1.0,Aston Villa,2.4,0.4,59.0,60012.0,Martin Ødegaard,4-3-3,Robert Jones,Match Report,,22.0,8.0,16.3,1.0,0,0,2022,Arsenal
5,2022-09-04,16:30,Premier League,Matchweek 6,Sun,Away,L,1.0,3.0,Manchester Utd,1.3,1.5,60.0,73431.0,Martin Ødegaard,4-3-3,Paul Tierney,Match Report,,16.0,3.0,18.6,1.0,0,0,2022,Arsenal
7,2022-09-18,12:00,Premier League,Matchweek 8,Sun,Away,W,3.0,0.0,Brentford,1.5,0.5,63.0,17122.0,Granit Xhaka,4-3-3,David Coote,Match Report,,13.0,7.0,18.2,0.0,0,0,2022,Arsenal
8,2022-10-01,12:30,Premier League,Matchweek 9,Sat,Home,W,3.0,1.0,Tottenham,2.4,1.6,64.0,60278.0,Martin Ødegaard,4-3-3,Anthony Taylor,Match Report,,22.0,9.0,18.6,1.0,0,0,2022,Arsenal
10,2022-10-09,16:30,Premier League,Matchweek 10,Sun,Home,W,3.0,2.0,Liverpool,2.7,1.1,43.0,60059.0,Martin Ødegaard,4-3-3,Michael Oliver,Match Report,,10.0,6.0,14.3,0.0,1,1,2022,Arsenal
12,2022-10-16,14:00,Premier League,Matchweek 11,Sun,Away,W,1.0,0.0,Leeds United,0.5,1.8,53.0,36700.0,Martin Ødegaard,4-3-3,Chris Kavanagh,Match Report,,9.0,4.0,16.6,1.0,0,0,2022,Arsenal
14,2022-10-23,14:00,Premier League,Matchweek 13,Sun,Away,D,1.0,1.0,Southampton,1.0,0.7,59.0,31145.0,Martin Ødegaard,4-3-3,Robert Jones,Match Report,,12.0,3.0,17.2,0.0,0,0,2022,Arsenal
16,2022-10-30,14:00,Premier League,Matchweek 14,Sun,Home,W,5.0,0.0,Nott'ham Forest,2.3,0.4,69.0,60263.0,Martin Ødegaard,4-3-3,Simon Hooper,Match Report,,24.0,9.0,16.0,1.0,0,0,2022,Arsenal
18,2022-11-06,12:00,Premier League,Matchweek 15,Sun,Away,W,1.0,0.0,Chelsea,2.1,0.3,55.0,40142.0,Martin Ødegaard,4-3-3,Michael Oliver,Match Report,,14.0,2.0,14.5,0.0,0,0,2022,Arsenal
20,2022-11-12,19:45,Premier League,Matchweek 16,Sat,Away,W,2.0,0.0,Wolves,2.1,0.7,62.0,34624.0,Martin Ødegaard,4-3-3,Stuart Attwell,Match Report,,14.0,3.0,13.7,0.0,0,0,2022,Arsenal
1,2022-08-07,16:30,Premier League,Matchweek 1,Sun,Away,W,2.0,0.0,West Ham,2.2,0.5,75.0,62443.0,İlkay Gündoğan,4-3-3,Michael Oliver,Match Report,,13.0,1.0,18.7,1.0,1,1,2022,Manchester City
2,2022-08-13,15:00,Premier League,Matchweek 2,Sat,Home,W,4.0,0.0,Bournemouth,1.7,0.1,67.0,53453.0,İlkay Gündoğan,4-2-3-1,David Coote,Match Report,,19.0,7.0,17.5,0.0,0,0,2022,Manchester City
3,2022-08-21,16:30,Premier League,Matchweek 3,Sun,Away,D,3.0,3.0,Newcastle Utd,2.1,1.8,69.0,52258.0,İlkay Gündoğan,4-3-3,Jarred Gillett,Match Report,,21.0,10.0,16.2,1.0,0,0,2022,Manchester City
4,2022-08-27,15:00,Premier League,Matchweek 4,Sat,Home,W,4.0,2.0,Crystal Palace,2.2,0.1,74.0,53112.0,Kevin De Bruyne,4-2-3-1,Darren England,Match Report,,18.0,5.0,14.1,0.0,0,0,2022,Manchester City
5,2022-08-31,19:30,Premier League,Matchweek 5,Wed,Home,W,6.0,0.0,Nott'ham Forest,3.3,0.7,74.0,53409.0,İlkay Gündoğan,4-2-3-1,Paul Tierney,Match Report,,17.0,9.0,14.8,0.0,0,0,2022,Manchester City
6,2022-09-03,17:30,Premier League,Matchweek 6,Sat,Away,D,1.0,1.0,Aston Villa,2.1,0.3,71.0,41830.0,İlkay Gündoğan,4-3-3,Simon Hooper,Match Report,,13.0,4.0,16.8,1.0,0,0,2022,Manchester City
9,2022-09-17,12:30,Premier League,Matchweek 8,Sat,Away,W,3.0,0.0,Wolves,1.1,0.4,59.0,31578.0,Kevin De Bruyne,4-3-3,Anthony Taylor,Match Report,,16.0,7.0,19.4,0.0,0,0,2022,Manchester City
10,2022-10-02,14:00,Premier League,Matchweek 9,Sun,Home,W,6.0,3.0,Manchester Utd,3.2,1.7,53.0,53475.0,İlkay Gündoğan,4-3-3,Michael Oliver,Match Report,,22.0,9.0,14.2,1.0,0,0,2022,Manchester City
12,2022-10-08,15:00,Premier League,Matchweek 10,Sat,Home,W,4.0,0.0,Southampton,2.4,0.2,65.0,53365.0,Kevin De Bruyne,4-2-3-1,Andy Madley,Match Report,,21.0,8.0,13.9,0.0,0,0,2022,Manchester City
14,2022-10-16,16:30,Premier League,Matchweek 11,Sun,Away,L,0.0,1.0,Liverpool,1.0,2.1,63.0,53286.0,İlkay Gündoğan,3-4-3,Anthony Taylor,Match Report,,16.0,6.0,18.4,0.0,0,0,2022,Manchester City
15,2022-10-22,15:00,Premier League,Matchweek 13,Sat,Home,W,3.0,1.0,Brighton,1.6,0.5,48.0,53223.0,Kevin De Bruyne,4-3-3,Craig Pawson,Match Report,,9.0,3.0,15.0,0.0,1,1,2022,Manchester City
17,2022-10-29,12:30,Premier League,Matchweek 14,Sat,Away,W,1.0,0.0,Leicester City,1.0,0.7,64.0,32223.0,İlkay Gündoğan,4-3-3,Robert Jones,Match Report,,15.0,5.0,20.8,1.0,0,0,2022,Manchester City
19,2022-11-05,15:00,Premier League,Matchweek 15,Sat,Home,W,2.0,1.0,Fulham,2.1,1.0,70.0,52395.0,İlkay Gündoğan,4-3-3,Darren England,Match Report,,15.0,4.0,18.1,1.0,1,1,2022,Manchester City
21,2022-11-12,12:30,Premier League,Matchweek 16,Sat,Home,L,1.0,2.0,Brentford,1.6,1.3,74.0,52786.0,İlkay Gündoğan,4-3-3,Peter Bankes,Match Report,,29.0,6.0,20.9,0.0,0,0,2022,Manchester City
0,2022-08-06,15:00,Premier League,Matchweek 1,Sat,Home,W,2,0,Nott'ham Forest,1.7,0.3,61.0,52245.0,Kieran Trippier,4-3-3,Simon Hooper,Match Report,,23.0,9.0,16.0,1.0,0,0,2022,Newcastle United
1,2022-08-13,15:00,Premier League,Matchweek 2,Sat,Away,D,0,0,Brighton,0.2,1.5,46.0,31552.0,Kieran Trippier,4-3-3,Graham Scott,Match Report,,4.0,1.0,17.8,0.0,0,0,2022,Newcastle United
2,2022-08-21,16:30,Premier League,Matchweek 3,Sun,Home,D,3,3,Manchester City,1.8,2.1,31.0,52258.0,Kieran Trippier,4-3-3,Jarred Gillett,Match Report,,12.0,5.0,14.8,1.0,0,0,2022,Newcastle United
4,2022-08-28,14:00,Premier League,Matchweek 4,Sun,Away,D,1,1,Wolves,1.7,0.7,63.0,31311.0,Kieran Trippier,4-3-3,Peter Bankes,Match Report,,21.0,6.0,18.1,1.0,0,0,2022,Newcastle United
5,2022-08-31,20:00,Premier League,Matchweek 5,Wed,Away,L,1,2,Liverpool,0.7,1.5,28.0,53316.0,Jamaal Lascelles,4-3-3,Andre Marriner,Match Report,,5.0,2.0,18.2,1.0,0,0,2022,Newcastle United
6,2022-09-03,15:00,Premier League,Matchweek 6,Sat,Home,D,0,0,Crystal Palace,2.8,1.0,52.0,51863.0,Kieran Trippier,4-3-3,Michael Salisbury,Match Report,,23.0,5.0,12.8,1.0,0,0,2022,Newcastle United
7,2022-09-17,15:00,Premier League,Matchweek 8,Sat,Home,D,1,1,Bournemouth,1.9,0.7,72.0,52238.0,Kieran Trippier,4-3-3,Craig Pawson,Match Report,,19.0,6.0,20.0,1.0,1,1,2022,Newcastle United
8,2022-10-01,15:00,Premier League,Matchweek 9,Sat,Away,W,4,1,Fulham,3.3,0.5,67.0,22913.0,Kieran Trippier,4-3-3,Darren England,Match Report,,19.0,10.0,12.9,0.0,0,0,2022,Newcastle United
9,2022-10-08,15:00,Premier League,Matchweek 10,Sat,Home,W,5,1,Brentford,1.5,1.2,54.0,52067.0,Kieran Trippier,4-3-3,John Brooks,Match Report,,16.0,6.0,18.6,0.0,0,0,2022,Newcastle United
10,2022-10-16,14:00,Premier League,Matchweek 11,Sun,Away,D,0,0,Manchester Utd,0.8,0.8,37.0,73726.0,Kieran Trippier,4-3-3,Craig Pawson,Match Report,,9.0,2.0,14.7,1.0,0,0,2022,Newcastle United
11,2022-10-19,19:30,Premier League,Matchweek 12,Wed,Home,W,1,0,Everton,1.5,0.2,49.0,52247.0,Kieran Trippier,4-3-3,Tony Harrington,Match Report,,16.0,4.0,14.2,0.0,0,0,2022,Newcastle United
12,2022-10-23,16:30,Premier League,Matchweek 13,Sun,Away,W,2,1,Tottenham,1.2,1.6,47.0,61726.0,Kieran Trippier,4-3-3,Jarred Gillett,Match Report,,13.0,5.0,18.4,0.0,0,0,2022,Newcastle United
13,2022-10-29,15:00,Premier League,Matchweek 14,Sat,Home,W,4,0,Aston Villa,3.4,0.4,59.0,52233.0,Kieran Trippier,4-3-3,Paul Tierney,Match Report,,19.0,6.0,16.3,0.0,1,1,2022,Newcastle United
14,2022-11-06,14:00,Premier League,Matchweek 15,Sun,Away,W,4,1,Southampton,0.9,1.7,45.0,30402.0,Kieran Trippier,4-3-3,Stuart Attwell,Match Report,,7.0,4.0,15.4,0.0,0,0,2022,Newcastle United
16,2022-11-12,17:30,Premier League,Matchweek 16,Sat,Home,W,1,0,Chelsea,1.0,0.3,49.0,52264.0,Kieran Trippier,4-3-3,Robert Jones,Match Report,,10.0,3.0,15.4,0.0,0,0,2022,Newcastle United
0,2022-08-06,15:00,Premier League,Matchweek 1,Sat,Home,W,4.0,1.0,Southampton,1.5,0.5,58.0,61732.0,Hugo Lloris,3-4-3,Andre Marriner,Match Report,,18.0,8.0,16.5,0.0,0,0,2022,Tottenham Hotspur
1,2022-08-14,16:30,Premier League,Matchweek 2,Sun,Away,D,2.0,2.0,Chelsea,1.0,1.6,37.0,39946.0,Hugo Lloris,3-4-3,Anthony Taylor,Match Report,,10.0,5.0,13.4,0.0,0,0,2022,Tottenham Hotspur
2,2022-08-20,12:30,Premier League,Matchweek 3,Sat,Home,W,1.0,0.0,Wolves,1.7,0.7,50.0,61298.0,Hugo Lloris,3-4-3,Simon Hooper,Match Report,,11.0,4.0,11.7,0.0,0,0,2022,Tottenham Hotspur
3,2022-08-28,16:30,Premier League,Matchweek 4,Sun,Away,W,2.0,0.0,Nott'ham Forest,2.4,0.9,45.0,29296.0,Hugo Lloris,3-4-3,Craig Pawson,Match Report,,17.0,5.0,19.7,0.0,0,1,2022,Tottenham Hotspur
4,2022-08-31,19:45,Premier League,Matchweek 5,Wed,Away,D,1.0,1.0,West Ham,0.6,1.2,61.0,62450.0,Hugo Lloris,3-4-3,Peter Bankes,Match Report,,12.0,3.0,16.8,0.0,0,0,2022,Tottenham Hotspur
5,2022-09-03,15:00,Premier League,Matchweek 6,Sat,Home,W,2.0,1.0,Fulham,2.9,0.7,52.0,61641.0,Hugo Lloris,3-4-3,Stuart Attwell,Match Report,,23.0,10.0,15.5,1.0,0,0,2022,Tottenham Hotspur
8,2022-09-17,17:30,Premier League,Matchweek 8,Sat,Home,W,6.0,2.0,Leicester City,2.2,1.8,44.0,61450.0,Hugo Lloris,3-4-3,Simon Hooper,Match Report,,16.0,11.0,16.5,0.0,0,0,2022,Tottenham Hotspur
9,2022-10-01,12:30,Premier League,Matchweek 9,Sat,Away,L,1.0,3.0,Arsenal,1.6,2.4,36.0,60278.0,Hugo Lloris,3-4-3,Anthony Taylor,Match Report,,6.0,2.0,19.9,0.0,1,1,2022,Tottenham Hotspur
11,2022-10-08,17:30,Premier League,Matchweek 10,Sat,Away,W,1.0,0.0,Brighton,0.8,0.7,41.0,31498.0,Hugo Lloris,3-5-2,Tony Harrington,Match Report,,8.0,3.0,18.7,1.0,0,0,2022,Tottenham Hotspur
13,2022-10-15,17:30,Premier League,Matchweek 11,Sat,Home,W,2.0,0.0,Everton,2.2,0.4,62.0,61812.0,Hugo Lloris,3-4-3,Paul Tierney,Match Report,,20.0,6.0,17.2,1.0,1,1,2022,Tottenham Hotspur
14,2022-10-19,20:15,Premier League,Matchweek 12,Wed,Away,L,0.0,2.0,Manchester Utd,0.6,1.5,48.0,73677.0,Hugo Lloris,3-5-2,Simon Hooper,Match Report,,9.0,2.0,14.9,0.0,0,0,2022,Tottenham Hotspur
15,2022-10-23,16:30,Premier League,Matchweek 13,Sun,Home,L,1.0,2.0,Newcastle Utd,1.6,1.2,53.0,61726.0,Hugo Lloris,3-5-2,Jarred Gillett,Match Report,,17.0,4.0,16.9,0.0,0,0,2022,Tottenham Hotspur
17,2022-10-29,15:00,Premier League,Matchweek 14,Sat,Away,W,3.0,2.0,Bournemouth,2.0,0.5,69.0,10430.0,Hugo Lloris,3-5-2,Anthony Taylor,Match Report,,23.0,7.0,15.1,1.0,0,0,2022,Tottenham Hotspur
19,2022-11-06,16:30,Premier League,Matchweek 15,Sun,Home,L,1.0,2.0,Liverpool,1.2,1.2,47.0,62008.0,Hugo Lloris,5-3-2,Andy Madley,Match Report,,14.0,5.0,14.4,0.0,0,0,2022,Tottenham Hotspur
21,2022-11-12,15:00,Premier League,Matchweek 16,Sat,Home,W,4.0,3.0,Leeds United,1.8,1.1,55.0,61667.0,Hugo Lloris,3-4-3,Michael Salisbury,Match Report,,14.0,7.0,14.5,0.0,0,0,2022,Tottenham Hotspur
0,2022-08-07,14:00,Premier League,Matchweek 1,Sun,Home,L,1.0,2.0,Brighton,1.4,1.5,62.0,73711.0,Harry Maguire,4-3-3,Paul Tierney,Match Report,,17.0,5.0,15.5,0.0,0,0,2022,Manchester United
1,2022-08-13,17:30,Premier League,Matchweek 2,Sat,Away,L,0.0,4.0,Brentford,0.9,1.6,66.0,17051.0,Harry Maguire,4-2-3-1,Stuart Attwell,Match Report,,15.0,4.0,19.6,0.0,0,0,2022,Manchester United
2,2022-08-22,20:00,Premier League,Matchweek 3,Mon,Home,W,2.0,1.0,Liverpool,1.8,1.3,30.0,74147.0,Bruno Fernandes,4-2-3-1,Michael Oliver,Match Report,,13.0,5.0,19.5,2.0,0,0,2022,Manchester United
3,2022-08-27,12:30,Premier League,Matchweek 4,Sat,Away,W,1.0,0.0,Southampton,1.1,1.4,51.0,31196.0,Bruno Fernandes,4-2-3-1,Andy Madley,Match Report,,11.0,4.0,15.5,1.0,0,0,2022,Manchester United
4,2022-09-01,20:00,Premier League,Matchweek 5,Thu,Away,W,1.0,0.0,Leicester City,1.5,0.7,47.0,32226.0,Bruno Fernandes,4-2-3-1,Craig Pawson,Match Report,,9.0,2.0,16.8,0.0,0,0,2022,Manchester United
5,2022-09-04,16:30,Premier League,Matchweek 6,Sun,Home,W,3.0,1.0,Arsenal,1.5,1.3,40.0,73431.0,Bruno Fernandes,4-2-3-1,Paul Tierney,Match Report,,10.0,6.0,15.5,0.0,0,0,2022,Manchester United
8,2022-10-02,14:00,Premier League,Matchweek 9,Sun,Away,L,3.0,6.0,Manchester City,1.7,3.2,47.0,53475.0,Bruno Fernandes,4-2-3-1,Michael Oliver,Match Report,,11.0,7.0,22.2,0.0,1,1,2022,Manchester United
10,2022-10-09,19:00,Premier League,Matchweek 10,Sun,Away,W,2.0,1.0,Everton,1.4,0.6,60.0,39258.0,Bruno Fernandes,4-2-3-1,David Coote,Match Report,,12.0,4.0,18.8,0.0,0,0,2022,Manchester United
12,2022-10-16,14:00,Premier League,Matchweek 11,Sun,Home,D,0.0,0.0,Newcastle Utd,0.8,0.8,63.0,73726.0,Bruno Fernandes,4-2-3-1,Craig Pawson,Match Report,,15.0,2.0,19.4,1.0,0,0,2022,Manchester United
13,2022-10-19,20:15,Premier League,Matchweek 12,Wed,Home,W,2.0,0.0,Tottenham,1.5,0.6,52.0,73677.0,Bruno Fernandes,4-2-3-1,Simon Hooper,Match Report,,28.0,10.0,21.4,1.0,0,0,2022,Manchester United
14,2022-10-22,17:30,Premier League,Matchweek 13,Sat,Away,D,1.0,1.0,Chelsea,0.8,1.1,52.0,39503.0,Bruno Fernandes,4-1-4-1,Stuart Attwell,Match Report,,13.0,6.0,22.1,1.0,0,0,2022,Manchester United
16,2022-10-30,16:15,Premier League,Matchweek 14,Sun,Home,W,1.0,0.0,West Ham,1.2,1.1,53.0,73682.0,Harry Maguire,4-2-3-1,Chris Kavanagh,Match Report,,16.0,3.0,18.1,0.0,0,0,2022,Manchester United
18,2022-11-06,14:00,Premier League,Matchweek 15,Sun,Away,L,1.0,3.0,Aston Villa,0.5,0.6,58.0,42058.0,Cristiano Ronaldo,4-2-3-1,Anthony Taylor,Match Report,,8.0,3.0,19.7,1.0,0,0,2022,Manchester United
20,2022-11-13,16:30,Premier League,Matchweek 16,Sun,Away,W,2.0,1.0,Fulham,2.5,1.4,47.0,24246.0,Bruno Fernandes,4-2-3-1,Paul Tierney,Match Report,,14.0,9.0,17.7,0.0,0,0,2022,Manchester United
1,2022-08-06,12:30,Premier League,Matchweek 1,Sat,Away,D,2,2,Fulham,1.2,1.2,67.0,22207.0,Jordan Henderson,4-3-3,Andy Madley,Match Report,,11.0,3.0,12.4,0.0,0,0,2022,Liverpool
2,2022-08-15,20:00,Premier League,Matchweek 2,Mon,Home,D,1,1,Crystal Palace,2.0,1.0,72.0,52970.0,James Milner,4-3-3,Paul Tierney,Match Report,,24.0,4.0,17.4,0.0,0,0,2022,Liverpool
3,2022-08-22,20:00,Premier League,Matchweek 3,Mon,Away,L,1,2,Manchester Utd,1.3,1.8,70.0,74147.0,Jordan Henderson,4-3-3,Michael Oliver,Match Report,,17.0,5.0,14.4,0.0,0,0,2022,Liverpool
4,2022-08-27,15:00,Premier League,Matchweek 4,Sat,Home,W,9,0,Bournemouth,3.3,0.3,69.0,53328.0,Jordan Henderson,4-3-3,Stuart Attwell,Match Report,,19.0,12.0,11.6,0.0,0,0,2022,Liverpool
5,2022-08-31,20:00,Premier League,Matchweek 5,Wed,Home,W,2,1,Newcastle Utd,1.5,0.7,72.0,53316.0,Jordan Henderson,4-3-3,Andre Marriner,Match Report,,23.0,6.0,17.8,0.0,0,0,2022,Liverpool
6,2022-09-03,12:30,Premier League,Matchweek 6,Sat,Away,D,0,0,Everton,2.1,1.7,61.0,39240.0,Virgil van Dijk,4-3-3,Anthony Taylor,Match Report,,23.0,8.0,13.1,0.0,0,0,2022,Liverpool
9,2022-10-01,15:00,Premier League,Matchweek 9,Sat,Home,D,3,3,Brighton,1.5,1.4,54.0,53320.0,Jordan Henderson,4-3-3,Andy Madley,Match Report,,15.0,7.0,16.8,1.0,0,0,2022,Liverpool
11,2022-10-09,16:30,Premier League,Matchweek 10,Sun,Away,L,2,3,Arsenal,1.1,2.7,57.0,60059.0,Jordan Henderson,4-2-3-1,Michael Oliver,Match Report,,8.0,3.0,18.0,0.0,0,0,2022,Liverpool
13,2022-10-16,16:30,Premier League,Matchweek 11,Sun,Home,W,1,0,Manchester City,2.1,1.0,37.0,53286.0,James Milner,4-2-3-1,Anthony Taylor,Match Report,,13.0,2.0,17.5,0.0,0,0,2022,Liverpool
14,2022-10-19,19:30,Premier League,Matchweek 12,Wed,Home,W,1,0,West Ham,1.7,1.7,54.0,52982.0,Jordan Henderson,4-4-2,Stuart Attwell,Match Report,,22.0,7.0,17.5,0.0,0,0,2022,Liverpool
15,2022-10-22,12:30,Premier League,Matchweek 13,Sat,Away,L,0,1,Nott'ham Forest,1.6,1.9,75.0,29245.0,James Milner,4-4-2,Paul Tierney,Match Report,,15.0,7.0,10.4,0.0,0,0,2022,Liverpool
17,2022-10-29,19:45,Premier League,Matchweek 14,Sat,Home,L,1,2,Leeds United,1.7,1.8,68.0,53274.0,Virgil van Dijk,4-1-2-1-2◆,Michael Oliver,Match Report,,22.0,10.0,16.4,0.0,0,0,2022,Liverpool
19,2022-11-06,16:30,Premier League,Matchweek 15,Sun,Away,W,2,1,Tottenham,1.2,1.2,53.0,62008.0,Virgil van Dijk,4-1-2-1-2◆,Andy Madley,Match Report,,13.0,6.0,21.2,0.0,0,0,2022,Liverpool
21,2022-11-12,15:00,Premier League,Matchweek 16,Sat,Home,W,3,1,Southampton,1.9,1.1,60.0,53331.0,Virgil van Dijk,4-3-3,Simon Hooper,Match Report,,15.0,7.0,12.4,0.0,0,0,2022,Liverpool
0,2022-08-07,14:00,Premier League,Matchweek 1,Sun,Away,W,2.0,1.0,Manchester Utd,1.5,1.4,38.0,73711.0,Lewis Dunk,3-3-3-1,Paul Tierney,Match Report,,15.0,4.0,17.4,0.0,0,0,2022,Brighton and Hove Albion
1,2022-08-13,15:00,Premier League,Matchweek 2,Sat,Home,D,0.0,0.0,Newcastle Utd,1.5,0.2,54.0,31552.0,Lewis Dunk,3-4-1-2,Graham Scott,Match Report,,13.0,5.0,17.3,0.0,0,0,2022,Brighton and Hove Albion
2,2022-08-21,14:00,Premier League,Matchweek 3,Sun,Away,W,2.0,0.0,West Ham,1.7,0.8,50.0,62449.0,Lewis Dunk,3-5-1-1,Anthony Taylor,Match Report,,10.0,1.0,18.8,0.0,1,1,2022,Brighton and Hove Albion
4,2022-08-27,15:00,Premier League,Matchweek 4,Sat,Home,W,1.0,0.0,Leeds United,2.0,1.8,44.0,30953.0,Lewis Dunk,4-4-2,Michael Salisbury,Match Report,,13.0,4.0,13.6,0.0,0,0,2022,Brighton and Hove Albion
5,2022-08-30,19:30,Premier League,Matchweek 5,Tue,Away,L,1.0,2.0,Fulham,1.4,0.7,61.0,22224.0,Lewis Dunk,3-5-2,Thomas Bramall,Match Report,,6.0,2.0,15.3,0.0,1,1,2022,Brighton and Hove Albion
6,2022-09-04,14:00,Premier League,Matchweek 6,Sun,Home,W,5.0,2.0,Leicester City,2.6,1.4,53.0,31185.0,Lewis Dunk,3-5-2,Tony Harrington,Match Report,,22.0,10.0,19.6,2.0,1,1,2022,Brighton and Hove Albion
7,2022-10-01,15:00,Premier League,Matchweek 9,Sat,Away,D,3.0,3.0,Liverpool,1.4,1.5,46.0,53320.0,Lewis Dunk,3-4-3,Andy Madley,Match Report,,6.0,6.0,10.0,0.0,0,0,2022,Brighton and Hove Albion
8,2022-10-08,17:30,Premier League,Matchweek 10,Sat,Home,L,0.0,1.0,Tottenham,0.7,0.8,59.0,31498.0,Lewis Dunk,3-4-3,Tony Harrington,Match Report,,14.0,4.0,18.5,0.0,0,0,2022,Brighton and Hove Albion
9,2022-10-14,20:00,Premier League,Matchweek 11,Fri,Away,L,0.0,2.0,Brentford,1.9,1.5,72.0,17016.0,Lewis Dunk,4-4-2,Michael Salisbury,Match Report,,21.0,7.0,17.2,0.0,0,0,2022,Brighton and Hove Albion
10,2022-10-18,19:30,Premier League,Matchweek 12,Tue,Home,D,0.0,0.0,Nott'ham Forest,1.7,0.1,70.0,31463.0,Lewis Dunk,3-4-3,Darren England,Match Report,,19.0,7.0,15.7,0.0,0,0,2022,Brighton and Hove Albion
11,2022-10-22,15:00,Premier League,Matchweek 13,Sat,Away,L,1.0,3.0,Manchester City,0.5,1.6,52.0,53223.0,Lewis Dunk,3-4-1-2,Craig Pawson,Match Report,,8.0,2.0,19.8,0.0,0,0,2022,Brighton and Hove Albion
12,2022-10-29,15:00,Premier League,Matchweek 14,Sat,Home,W,4.0,1.0,Chelsea,2.4,1.4,41.0,31746.0,Lewis Dunk,4-2-3-1,Andy Madley,Match Report,,19.0,7.0,15.9,0.0,0,0,2022,Brighton and Hove Albion
13,2022-11-05,15:00,Premier League,Matchweek 15,Sat,Away,W,3.0,2.0,Wolves,1.5,1.2,71.0,30732.0,Lewis Dunk,4-2-3-1,Graham Scott,Match Report,,19.0,8.0,17.2,3.0,0,0,2022,Brighton and Hove Albion
15,2022-11-13,14:00,Premier League,Matchweek 16,Sun,Home,L,1.0,2.0,Aston Villa,0.6,1.5,65.0,31581.0,Lewis Dunk,4-2-3-1,Chris Kavanagh,Match Report,,7.0,2.0,18.2,0.0,0,0,2022,Brighton and Hove Albion
0,2022-08-06,17:30,Premier League,Matchweek 1,Sat,Away,W,1.0,0.0,Everton,1.5,0.7,62.0,39254.0,César Azpilicueta,3-4-3,Craig Pawson,Match Report,,14.0,5.0,16.1,1.0,1,1,2022,Chelsea
1,2022-08-14,16:30,Premier League,Matchweek 2,Sun,Home,D,2.0,2.0,Tottenham,1.6,1.0,63.0,39946.0,Jorginho,3-5-2,Anthony Taylor,Match Report,,16.0,3.0,17.2,0.0,0,0,2022,Chelsea
2,2022-08-21,14:00,Premier League,Matchweek 3,Sun,Away,L,0.0,3.0,Leeds United,0.9,2.1,61.0,36372.0,Jorginho,3-5-2,Stuart Attwell,Match Report,,14.0,3.0,19.8,0.0,0,0,2022,Chelsea
3,2022-08-27,15:00,Premier League,Matchweek 4,Sat,Home,W,2.0,1.0,Leicester City,1.8,2.5,45.0,39953.0,Jorginho,4-4-2,Paul Tierney,Match Report,,7.0,4.0,14.6,0.0,0,0,2022,Chelsea
4,2022-08-30,19:45,Premier League,Matchweek 5,Tue,Away,L,1.0,2.0,Southampton,1.1,1.1,67.0,31542.0,César Azpilicueta,4-2-2-2,Michael Oliver,Match Report,,10.0,4.0,14.5,0.0,0,0,2022,Chelsea
5,2022-09-03,15:00,Premier League,Matchweek 6,Sat,Home,W,2.0,1.0,West Ham,0.9,1.1,67.0,39923.0,Thiago Silva,3-1-4-2,Andy Madley,Match Report,,8.0,3.0,17.2,0.0,0,0,2022,Chelsea
8,2022-10-01,15:00,Premier League,Matchweek 9,Sat,Away,W,2.0,1.0,Crystal Palace,1.1,0.4,64.0,25198.0,Jorginho,4-3-1-2,Chris Kavanagh,Match Report,,13.0,3.0,14.8,0.0,0,0,2022,Chelsea
10,2022-10-08,15:00,Premier League,Matchweek 10,Sat,Home,W,3.0,0.0,Wolves,1.9,1.1,57.0,39940.0,César Azpilicueta,4-2-3-1,Simon Hooper,Match Report,,20.0,7.0,14.7,0.0,0,0,2022,Chelsea
12,2022-10-16,14:00,Premier League,Matchweek 11,Sun,Away,W,2.0,0.0,Aston Villa,0.9,1.8,58.0,41754.0,Thiago Silva,3-4-3,Robert Jones,Match Report,,8.0,4.0,18.0,1.0,0,0,2022,Chelsea
13,2022-10-19,19:30,Premier League,Matchweek 12,Wed,Away,D,0.0,0.0,Brentford,0.9,1.3,66.0,17118.0,César Azpilicueta,3-5-1-1,Jarred Gillett,Match Report,,14.0,5.0,21.4,0.0,0,0,2022,Chelsea
14,2022-10-22,17:30,Premier League,Matchweek 13,Sat,Home,D,1.0,1.0,Manchester Utd,1.1,0.8,48.0,39503.0,César Azpilicueta,3-4-3,Stuart Attwell,Match Report,,5.0,1.0,19.7,0.0,1,1,2022,Chelsea
16,2022-10-29,15:00,Premier League,Matchweek 14,Sat,Away,L,1.0,4.0,Brighton,1.4,2.4,59.0,31746.0,Thiago Silva,3-4-3,Andy Madley,Match Report,,15.0,7.0,18.3,0.0,0,0,2022,Chelsea
18,2022-11-06,12:00,Premier League,Matchweek 15,Sun,Home,L,0.0,1.0,Arsenal,0.3,2.1,45.0,40142.0,César Azpilicueta,4-2-3-1,Michael Oliver,Match Report,,5.0,1.0,16.0,0.0,0,0,2022,Chelsea
20,2022-11-12,17:30,Premier League,Matchweek 16,Sat,Away,L,0.0,1.0,Newcastle Utd,0.3,1.0,51.0,52264.0,César Azpilicueta,3-4-3,Robert Jones,Match Report,,5.0,2.0,14.0,0.0,0,0,2022,Chelsea
0,2022-08-06,12:30,Premier League,Matchweek 1,Sat,Home,D,2.0,2.0,Liverpool,1.2,1.2,33.0,22207.0,Tim Ream,4-2-3-1,Andy Madley,Match Report,,8.0,2.0,18.4,0.0,1,1,2022,Fulham
1,2022-08-13,15:00,Premier League,Matchweek 2,Sat,Away,D,0.0,0.0,Wolves,1.5,0.9,41.0,31178.0,Tim Ream,4-2-3-1,John Brooks,Match Report,,8.0,2.0,15.7,0.0,0,1,2022,Fulham
2,2022-08-20,15:00,Premier League,Matchweek 3,Sat,Home,W,3.0,2.0,Brentford,2.4,1.8,43.0,21798.0,Tim Ream,4-2-3-1,Peter Bankes,Match Report,,18.0,9.0,15.5,1.0,0,0,2022,Fulham
4,2022-08-27,17:30,Premier League,Matchweek 4,Sat,Away,L,1.0,2.0,Arsenal,0.8,2.6,29.0,60164.0,Tim Ream,4-2-3-1,Jarred Gillett,Match Report,,11.0,3.0,13.7,0.0,0,0,2022,Fulham
5,2022-08-30,19:30,Premier League,Matchweek 5,Tue,Home,W,2.0,1.0,Brighton,0.7,1.4,39.0,22224.0,Tim Ream,4-2-3-1,Thomas Bramall,Match Report,,10.0,3.0,15.3,1.0,0,0,2022,Fulham
6,2022-09-03,15:00,Premier League,Matchweek 6,Sat,Away,L,1.0,2.0,Tottenham,0.7,2.9,48.0,61641.0,Tim Ream,4-2-3-1,Stuart Attwell,Match Report,,9.0,3.0,17.1,0.0,0,0,2022,Fulham
7,2022-09-16,20:00,Premier League,Matchweek 8,Fri,Away,W,3.0,2.0,Nott'ham Forest,0.9,1.4,59.0,28654.0,Tim Ream,4-2-3-1,Jarred Gillett,Match Report,,15.0,7.0,17.3,2.0,0,0,2022,Fulham
8,2022-10-01,15:00,Premier League,Matchweek 9,Sat,Home,L,1.0,4.0,Newcastle Utd,0.5,3.3,33.0,22913.0,Tim Ream,4-2-3-1,Darren England,Match Report,,3.0,1.0,16.2,0.0,0,0,2022,Fulham
9,2022-10-09,14:00,Premier League,Matchweek 10,Sun,Away,L,1.0,3.0,West Ham,0.7,2.4,50.0,62407.0,Tim Ream,4-2-3-1,Chris Kavanagh,Match Report,,8.0,2.0,16.6,1.0,0,0,2022,Fulham
10,2022-10-15,15:00,Premier League,Matchweek 11,Sat,Home,D,2.0,2.0,Bournemouth,2.1,1.0,69.0,22541.0,Tim Ream,4-2-3-1,Graham Scott,Match Report,,18.0,3.0,18.9,0.0,1,1,2022,Fulham
11,2022-10-20,19:30,Premier League,Matchweek 12,Thu,Home,W,3.0,0.0,Aston Villa,2.1,1.2,60.0,23508.0,Tim Ream,4-2-3-1,Michael Oliver,Match Report,,17.0,6.0,16.7,1.0,1,1,2022,Fulham
12,2022-10-23,14:00,Premier League,Matchweek 13,Sun,Away,W,3.0,2.0,Leeds United,1.8,1.6,43.0,36447.0,Tim Ream,4-2-3-1,Anthony Taylor,Match Report,,11.0,4.0,11.9,0.0,0,0,2022,Fulham
13,2022-10-29,17:30,Premier League,Matchweek 14,Sat,Home,D,0.0,0.0,Everton,1.9,0.9,56.0,23534.0,Tim Ream,4-2-3-1,John Brooks,Match Report,,24.0,6.0,16.4,0.0,0,0,2022,Fulham
14,2022-11-05,15:00,Premier League,Matchweek 15,Sat,Away,L,1.0,2.0,Manchester City,1.0,2.1,30.0,52395.0,Tim Ream,4-2-3-1,Darren England,Match Report,,3.0,1.0,26.2,0.0,1,1,2022,Fulham
15,2022-11-13,16:30,Premier League,Matchweek 16,Sun,Home,L,1.0,2.0,Manchester Utd,1.4,2.5,53.0,24246.0,Tom Cairney,4-2-3-1,Paul Tierney,Match Report,,14.0,7.0,14.0,0.0,0,0,2022,Fulham
0,2022-08-07,14:00,Premier League,Matchweek 1,Sun,Away,D,2,2,Leicester City,0.8,0.6,44.0,31794.0,Pontus Jansson,4-3-3,Jarred Gillett,Match Report,,8.0,3.0,17.0,0.0,0,0,2022,Brentford
1,2022-08-13,17:30,Premier League,Matchweek 2,Sat,Home,W,4,0,Manchester Utd,1.6,0.9,34.0,17051.0,Pontus Jansson,5-3-2,Stuart Attwell,Match Report,,13.0,7.0,18.6,1.0,0,0,2022,Brentford
2,2022-08-20,15:00,Premier League,Matchweek 3,Sat,Away,L,2,3,Fulham,1.8,2.4,57.0,21798.0,Pontus Jansson,4-3-3,Peter Bankes,Match Report,,13.0,5.0,14.1,0.0,0,0,2022,Brentford
4,2022-08-27,15:00,Premier League,Matchweek 4,Sat,Home,D,1,1,Everton,2.1,1.1,58.0,17009.0,Christian Nørgaard,4-3-3,John Brooks,Match Report,,20.0,5.0,14.8,0.0,0,0,2022,Brentford
5,2022-08-30,19:30,Premier League,Matchweek 5,Tue,Away,D,1,1,Crystal Palace,1.4,1.0,51.0,25043.0,Ivan Toney,4-3-3,Simon Hooper,Match Report,,9.0,3.0,10.7,0.0,0,0,2022,Brentford
6,2022-09-03,15:00,Premier League,Matchweek 6,Sat,Home,W,5,2,Leeds United,2.3,1.7,32.0,17092.0,Pontus Jansson,4-3-3,Robert Jones,Match Report,,13.0,7.0,18.8,2.0,1,1,2022,Brentford
7,2022-09-18,12:00,Premier League,Matchweek 8,Sun,Home,L,0,3,Arsenal,0.5,1.5,37.0,17122.0,Pontus Jansson,3-5-2,David Coote,Match Report,,5.0,2.0,13.9,1.0,0,0,2022,Brentford
8,2022-10-01,15:00,Premier League,Matchweek 9,Sat,Away,D,0,0,Bournemouth,0.9,0.4,58.0,10126.0,Pontus Jansson,4-3-3,Thomas Bramall,Match Report,,13.0,4.0,15.2,1.0,0,0,2022,Brentford
9,2022-10-08,15:00,Premier League,Matchweek 10,Sat,Away,L,1,5,Newcastle Utd,1.2,1.5,46.0,52067.0,Ivan Toney,3-5-2,John Brooks,Match Report,,5.0,2.0,18.2,0.0,1,1,2022,Brentford
10,2022-10-14,20:00,Premier League,Matchweek 11,Fri,Home,W,2,0,Brighton,1.5,1.9,28.0,17016.0,Ivan Toney,4-3-3,Michael Salisbury,Match Report,,6.0,1.0,16.3,0.0,1,1,2022,Brentford
11,2022-10-19,19:30,Premier League,Matchweek 12,Wed,Home,D,0,0,Chelsea,1.3,0.9,34.0,17118.0,Ivan Toney,3-5-2,Jarred Gillett,Match Report,,8.0,5.0,14.5,0.0,0,0,2022,Brentford
12,2022-10-23,14:00,Premier League,Matchweek 13,Sun,Away,L,0,4,Aston Villa,0.9,2.8,55.0,41693.0,Ivan Toney,3-5-2,Darren England,Match Report,,12.0,3.0,16.8,0.0,0,0,2022,Brentford
13,2022-10-29,15:00,Premier League,Matchweek 14,Sat,Home,D,1,1,Wolves,1.4,0.6,58.0,17051.0,Ivan Toney,4-3-3,Robert Madley,Match Report,,12.0,3.0,15.4,0.0,0,0,2022,Brentford
14,2022-11-05,15:00,Premier League,Matchweek 15,Sat,Away,D,2,2,Nott'ham Forest,1.5,1.5,52.0,28869.0,David Raya,4-3-3,Andre Marriner,Match Report,,5.0,1.0,20.3,0.0,1,1,2022,Brentford
16,2022-11-12,12:30,Premier League,Matchweek 16,Sat,Away,W,2,1,Manchester City,1.3,1.6,26.0,52786.0,Ivan Toney,3-5-2,Peter Bankes,Match Report,,10.0,7.0,15.2,0.0,0,0,2022,Brentford
0,2022-08-05,20:00,Premier League,Matchweek 1,Fri,Home,L,0,2,Arsenal,1.2,1.0,56.0,25286.0,Marc Guéhi,4-2-3-1,Anthony Taylor,Match Report,,10.0,2.0,14.2,0.0,0,0,2022,Crystal Palace
1,2022-08-15,20:00,Premier League,Matchweek 2,Mon,Away,D,1,1,Liverpool,1.0,2.0,28.0,52970.0,Joel Ward,5-4-1,Paul Tierney,Match Report,,7.0,3.0,14.7,0.0,0,0,2022,Crystal Palace
2,2022-08-20,15:00,Premier League,Matchweek 3,Sat,Home,W,3,1,Aston Villa,2.6,0.9,51.0,22012.0,Joel Ward,4-3-3,Andy Madley,Match Report,,16.0,8.0,15.6,1.0,0,1,2022,Crystal Palace
4,2022-08-27,15:00,Premier League,Matchweek 4,Sat,Away,L,2,4,Manchester City,0.1,2.2,26.0,53112.0,Joel Ward,5-4-1,Darren England,Match Report,,2.0,2.0,20.6,0.0,0,0,2022,Crystal Palace
5,2022-08-30,19:30,Premier League,Matchweek 5,Tue,Home,D,1,1,Brentford,1.0,1.4,49.0,25043.0,Joel Ward,4-1-4-1,Simon Hooper,Match Report,,13.0,4.0,19.2,0.0,0,0,2022,Crystal Palace
6,2022-09-03,15:00,Premier League,Matchweek 6,Sat,Away,D,0,0,Newcastle Utd,1.0,2.8,48.0,51863.0,Joel Ward,4-3-3,Michael Salisbury,Match Report,,19.0,9.0,20.0,0.0,0,0,2022,Crystal Palace
7,2022-10-01,15:00,Premier League,Matchweek 9,Sat,Home,L,1,2,Chelsea,0.4,1.1,36.0,25198.0,Joel Ward,4-3-3,Chris Kavanagh,Match Report,,7.0,3.0,20.1,0.0,0,0,2022,Crystal Palace
8,2022-10-09,14:00,Premier League,Matchweek 10,Sun,Home,W,2,1,Leeds United,1.1,1.0,54.0,25042.0,Joel Ward,4-3-3,Paul Tierney,Match Report,,13.0,5.0,17.7,2.0,0,0,2022,Crystal Palace
9,2022-10-15,12:30,Premier League,Matchweek 11,Sat,Away,D,0,0,Leicester City,0.4,1.0,46.0,31298.0,Joel Ward,4-3-3,Andy Madley,Match Report,,8.0,1.0,21.2,0.0,0,0,2022,Crystal Palace
10,2022-10-18,20:15,Premier League,Matchweek 12,Tue,Home,W,2,1,Wolves,1.2,0.8,51.0,25125.0,Joel Ward,4-3-3,David Coote,Match Report,,14.0,4.0,17.3,1.0,0,0,2022,Crystal Palace
11,2022-10-22,15:00,Premier League,Matchweek 13,Sat,Away,L,0,3,Everton,0.9,1.4,54.0,38939.0,Luka Milivojević,4-1-4-1,Simon Hooper,Match Report,,9.0,2.0,17.1,2.0,0,0,2022,Crystal Palace
12,2022-10-29,15:00,Premier League,Matchweek 14,Sat,Home,W,1,0,Southampton,0.9,1.3,44.0,25130.0,Luka Milivojević,4-3-3,Michael Salisbury,Match Report,,12.0,3.0,20.0,1.0,0,0,2022,Crystal Palace
13,2022-11-06,14:00,Premier League,Matchweek 15,Sun,Away,W,2,1,West Ham,1.0,0.3,58.0,62451.0,Marc Guéhi,4-3-3,Paul Tierney,Match Report,,15.0,6.0,20.5,2.0,0,0,2022,Crystal Palace
15,2022-11-12,15:00,Premier League,Matchweek 16,Sat,Away,L,0,1,Nott'ham Forest,1.2,1.1,68.0,29045.0,Marc Guéhi,4-3-3,John Brooks,Match Report,,7.0,0.0,16.9,0.0,0,1,2022,Crystal Palace
0,2022-08-06,15:00,Premier League,Matchweek 1,Sat,Away,L,0.0,2.0,Bournemouth,0.7,0.6,65.0,11013.0,John McGinn,4-3-3,Peter Bankes,Match Report,,15.0,2.0,24.6,0.0,0,0,2022,Aston Villa
1,2022-08-13,12:30,Premier League,Matchweek 2,Sat,Home,W,2.0,1.0,Everton,2.3,1.6,57.0,41883.0,John McGinn,4-1-2-1-2◆,Michael Oliver,Match Report,,12.0,3.0,13.3,0.0,0,0,2022,Aston Villa
2,2022-08-20,15:00,Premier League,Matchweek 3,Sat,Away,L,1.0,3.0,Crystal Palace,0.9,2.6,49.0,22012.0,John McGinn,4-3-3,Andy Madley,Match Report,,13.0,5.0,17.8,0.0,0,0,2022,Aston Villa
4,2022-08-28,14:00,Premier League,Matchweek 4,Sun,Home,L,0.0,1.0,West Ham,0.5,0.6,58.0,41796.0,John McGinn,4-3-1-2,David Coote,Match Report,,9.0,3.0,20.5,0.0,0,0,2022,Aston Villa
5,2022-08-31,19:30,Premier League,Matchweek 5,Wed,Away,L,1.0,2.0,Arsenal,0.4,2.4,41.0,60012.0,John McGinn,4-3-3,Robert Jones,Match Report,,4.0,3.0,19.2,0.0,0,0,2022,Aston Villa
6,2022-09-03,17:30,Premier League,Matchweek 6,Sat,Home,D,1.0,1.0,Manchester City,0.3,2.1,29.0,41830.0,John McGinn,4-3-2-1,Simon Hooper,Match Report,,3.0,1.0,16.8,0.0,0,0,2022,Aston Villa
7,2022-09-16,20:00,Premier League,Matchweek 8,Fri,Home,W,1.0,0.0,Southampton,1.5,0.3,53.0,40758.0,John McGinn,4-3-2-1,Tony Harrington,Match Report,,11.0,3.0,20.7,1.0,0,0,2022,Aston Villa
8,2022-10-02,16:30,Premier League,Matchweek 9,Sun,Away,D,0.0,0.0,Leeds United,2.2,0.4,56.0,36582.0,John McGinn,4-3-3,Stuart Attwell,Match Report,,19.0,6.0,17.8,0.0,0,0,2022,Aston Villa
9,2022-10-10,20:00,Premier League,Matchweek 10,Mon,Away,D,1.0,1.0,Nott'ham Forest,0.7,0.3,60.0,29208.0,John McGinn,4-3-3,Anthony Taylor,Match Report,,12.0,2.0,20.2,3.0,0,0,2022,Aston Villa
10,2022-10-16,14:00,Premier League,Matchweek 11,Sun,Home,L,0.0,2.0,Chelsea,1.8,0.9,42.0,41754.0,John McGinn,4-3-3,Robert Jones,Match Report,,18.0,7.0,15.3,1.0,0,0,2022,Aston Villa
11,2022-10-20,19:30,Premier League,Matchweek 12,Thu,Away,L,0.0,3.0,Fulham,1.2,2.1,40.0,23508.0,John McGinn,4-3-2-1,Michael Oliver,Match Report,,12.0,6.0,15.0,0.0,0,0,2022,Aston Villa
12,2022-10-23,14:00,Premier League,Matchweek 13,Sun,Home,W,4.0,0.0,Brentford,2.8,0.9,45.0,41693.0,Emiliano Martínez,4-2-3-1,Darren England,Match Report,,18.0,10.0,18.7,0.0,1,1,2022,Aston Villa
13,2022-10-29,15:00,Premier League,Matchweek 14,Sat,Away,L,0.0,4.0,Newcastle Utd,0.4,3.4,41.0,52233.0,Emiliano Martínez,4-2-3-1,Paul Tierney,Match Report,,3.0,0.0,13.9,0.0,0,0,2022,Aston Villa
14,2022-11-06,14:00,Premier League,Matchweek 15,Sun,Home,W,3.0,1.0,Manchester Utd,0.6,0.5,42.0,42058.0,Emiliano Martínez,4-2-2-2,Anthony Taylor,Match Report,,6.0,4.0,22.7,1.0,0,0,2022,Aston Villa
16,2022-11-13,14:00,Premier League,Matchweek 16,Sun,Away,W,2.0,1.0,Brighton,1.5,0.6,35.0,31581.0,John McGinn,4-4-2,Chris Kavanagh,Match Report,,7.0,1.0,25.1,0.0,1,1,2022,Aston Villa
0,2022-08-07,14:00,Premier League,Matchweek 1,Sun,Home,D,2,2,Brentford,0.6,0.8,56.0,31794.0,Jonny Evans,3-5-1-1,Jarred Gillett,Match Report,,14.0,5.0,23.1,0.0,0,0,2022,Leicester City
1,2022-08-13,15:00,Premier League,Matchweek 2,Sat,Away,L,2,4,Arsenal,0.5,2.7,50.0,60033.0,Jonny Evans,3-5-1-1,Darren England,Match Report,,6.0,2.0,14.6,0.0,0,0,2022,Leicester City
2,2022-08-20,15:00,Premier League,Matchweek 3,Sat,Home,L,1,2,Southampton,0.3,0.9,62.0,30850.0,Jonny Evans,4-1-4-1,Michael Salisbury,Match Report,,6.0,1.0,17.8,1.0,0,0,2022,Leicester City
4,2022-08-27,15:00,Premier League,Matchweek 4,Sat,Away,L,1,2,Chelsea,2.5,1.8,55.0,39953.0,Jonny Evans,4-1-4-1,Paul Tierney,Match Report,,17.0,5.0,17.9,0.0,0,0,2022,Leicester City
5,2022-09-01,20:00,Premier League,Matchweek 5,Thu,Home,L,0,1,Manchester Utd,0.7,1.5,53.0,32226.0,Jonny Evans,4-1-4-1,Craig Pawson,Match Report,,10.0,2.0,23.5,2.0,0,0,2022,Leicester City
6,2022-09-04,14:00,Premier League,Matchweek 6,Sun,Away,L,2,5,Brighton,1.4,2.6,47.0,31185.0,Jonny Evans,4-4-2,Tony Harrington,Match Report,,6.0,4.0,14.8,0.0,0,0,2022,Leicester City
7,2022-09-17,17:30,Premier League,Matchweek 8,Sat,Away,L,2,6,Tottenham,1.8,2.2,56.0,61450.0,Jonny Evans,4-1-4-1,Simon Hooper,Match Report,,18.0,6.0,22.7,0.0,1,1,2022,Leicester City
8,2022-10-03,20:00,Premier League,Matchweek 9,Mon,Home,W,4,0,Nott'ham Forest,1.3,1.1,51.0,32202.0,Jonny Evans,4-1-4-1,Robert Jones,Match Report,,17.0,7.0,17.7,1.0,0,0,2022,Leicester City
9,2022-10-08,15:00,Premier League,Matchweek 10,Sat,Away,L,1,2,Bournemouth,1.0,1.1,55.0,10272.0,Jonny Evans,4-1-4-1,Michael Salisbury,Match Report,,9.0,5.0,13.2,1.0,0,0,2022,Leicester City
10,2022-10-15,12:30,Premier League,Matchweek 11,Sat,Home,D,0,0,Crystal Palace,1.0,0.4,54.0,31298.0,Youri Tielemans,4-1-4-1,Andy Madley,Match Report,,14.0,5.0,19.4,1.0,0,0,2022,Leicester City
11,2022-10-20,20:15,Premier League,Matchweek 12,Thu,Home,W,2,0,Leeds United,0.8,1.3,46.0,30814.0,Youri Tielemans,4-1-4-1,Peter Bankes,Match Report,,5.0,1.0,17.7,0.0,0,0,2022,Leicester City
12,2022-10-23,14:00,Premier League,Matchweek 13,Sun,Away,W,4,0,Wolves,0.9,2.1,40.0,31425.0,Youri Tielemans,4-1-4-1,Michael Oliver,Match Report,,5.0,4.0,14.7,0.0,0,0,2022,Leicester City
13,2022-10-29,12:30,Premier League,Matchweek 14,Sat,Home,L,0,1,Manchester City,0.7,1.0,36.0,32223.0,Youri Tielemans,3-4-3,Robert Jones,Match Report,,10.0,5.0,16.4,0.0,0,0,2022,Leicester City
14,2022-11-05,17:30,Premier League,Matchweek 15,Sat,Away,W,2,0,Everton,2.3,1.2,51.0,39206.0,Youri Tielemans,4-1-4-1,David Coote,Match Report,,22.0,8.0,17.5,0.0,0,0,2022,Leicester City
16,2022-11-12,15:00,Premier League,Matchweek 16,Sat,Away,W,2,0,West Ham,1.8,1.4,46.0,62459.0,Youri Tielemans,4-1-4-1,Jarred Gillett,Match Report,,8.0,5.0,21.3,0.0,0,1,2022,Leicester City
0,2022-08-06,15:00,Premier League,Matchweek 1,Sat,Home,W,2,0,Aston Villa,0.6,0.7,35.0,11013.0,Lloyd Kelly,3-4-3,Peter Bankes,Match Report,,7.0,3.0,15.7,0.0,0,0,2022,Bournemouth
1,2022-08-13,15:00,Premier League,Matchweek 2,Sat,Away,L,0,4,Manchester City,0.1,1.7,33.0,53453.0,Lloyd Kelly,3-4-3,David Coote,Match Report,,3.0,1.0,20.6,0.0,0,0,2022,Bournemouth
2,2022-08-20,17:30,Premier League,Matchweek 3,Sat,Home,L,0,3,Arsenal,0.3,1.3,43.0,10423.0,Lloyd Kelly,3-1-4-2,Craig Pawson,Match Report,,6.0,1.0,18.5,1.0,0,0,2022,Bournemouth
4,2022-08-27,15:00,Premier League,Matchweek 4,Sat,Away,L,0,9,Liverpool,0.3,3.3,31.0,53328.0,Adam Smith,4-2-3-1,Stuart Attwell,Match Report,,5.0,2.0,18.2,0.0,0,0,2022,Bournemouth
5,2022-08-31,19:30,Premier League,Matchweek 5,Wed,Home,D,0,0,Wolves,0.4,1.5,35.0,10113.0,Lloyd Kelly,4-4-2,Anthony Taylor,Match Report,,5.0,2.0,16.1,0.0,0,0,2022,Bournemouth
6,2022-09-03,15:00,Premier League,Matchweek 6,Sat,Away,W,3,2,Nott'ham Forest,0.8,1.9,48.0,28720.0,Lloyd Kelly,4-2-3-1,Michael Oliver,Match Report,,8.0,3.0,17.5,0.0,0,0,2022,Bournemouth
7,2022-09-17,15:00,Premier League,Matchweek 8,Sat,Away,D,1,1,Newcastle Utd,0.7,1.9,28.0,52238.0,Adam Smith,4-2-3-1,Craig Pawson,Match Report,,10.0,3.0,18.1,0.0,0,0,2022,Bournemouth
8,2022-10-01,15:00,Premier League,Matchweek 9,Sat,Home,D,0,0,Brentford,0.4,0.9,42.0,10126.0,Adam Smith,4-4-2,Thomas Bramall,Match Report,,7.0,0.0,15.5,1.0,0,0,2022,Bournemouth
9,2022-10-08,15:00,Premier League,Matchweek 10,Sat,Home,W,2,1,Leicester City,1.1,1.0,45.0,10272.0,Adam Smith,4-4-2,Michael Salisbury,Match Report,,10.0,4.0,15.0,1.0,0,0,2022,Bournemouth
10,2022-10-15,15:00,Premier League,Matchweek 11,Sat,Away,D,2,2,Fulham,1.0,2.1,31.0,22541.0,Adam Smith,4-2-3-1,Graham Scott,Match Report,,10.0,6.0,13.0,0.0,0,0,2022,Bournemouth
11,2022-10-19,19:30,Premier League,Matchweek 12,Wed,Home,L,0,1,Southampton,1.0,1.0,54.0,10405.0,Adam Smith,3-4-3,John Brooks,Match Report,,15.0,3.0,17.6,1.0,0,0,2022,Bournemouth
12,2022-10-24,20:00,Premier League,Matchweek 13,Mon,Away,L,0,2,West Ham,0.4,1.9,45.0,62447.0,Adam Smith,4-2-3-1,David Coote,Match Report,,5.0,3.0,13.6,0.0,0,0,2022,Bournemouth
13,2022-10-29,15:00,Premier League,Matchweek 14,Sat,Home,L,2,3,Tottenham,0.5,2.0,31.0,10430.0,Adam Smith,3-5-1-1,Anthony Taylor,Match Report,,6.0,4.0,14.0,0.0,0,0,2022,Bournemouth
14,2022-11-05,15:00,Premier League,Matchweek 15,Sat,Away,L,3,4,Leeds United,1.5,2.2,40.0,36304.0,Adam Smith,4-4-2,Tony Harrington,Match Report,,9.0,5.0,12.4,0.0,0,0,2022,Bournemouth
16,2022-11-12,15:00,Premier League,Matchweek 16,Sat,Home,W,3,0,Everton,2.4,0.8,36.0,10382.0,Adam Smith,4-4-2,Craig Pawson,Match Report,,16.0,8.0,13.6,0.0,0,0,2022,Bournemouth
0,2022-08-06,15:00,Premier League,Matchweek 1,Sat,Home,W,2.0,1.0,Wolves,0.8,1.3,40.0,36347.0,Patrick Bamford,4-2-3-1,Robert Jones,Match Report,,12.0,4.0,18.6,1.0,0,0,2022,Leeds United
1,2022-08-13,15:00,Premier League,Matchweek 2,Sat,Away,D,2.0,2.0,Southampton,1.8,1.2,57.0,30815.0,Patrick Bamford,4-2-3-1,Tony Harrington,Match Report,,13.0,5.0,12.0,0.0,0,0,2022,Leeds United
2,2022-08-21,14:00,Premier League,Matchweek 3,Sun,Home,W,3.0,0.0,Chelsea,2.1,0.9,39.0,36372.0,Rodrigo,4-2-3-1,Stuart Attwell,Match Report,,12.0,6.0,16.3,0.0,0,0,2022,Leeds United
4,2022-08-27,15:00,Premier League,Matchweek 4,Sat,Away,L,0.0,1.0,Brighton,1.8,2.0,56.0,30953.0,Rodrigo,4-2-3-1,Michael Salisbury,Match Report,,10.0,2.0,18.0,1.0,0,0,2022,Leeds United
5,2022-08-30,20:00,Premier League,Matchweek 5,Tue,Home,D,1.0,1.0,Everton,1.0,1.0,69.0,36338.0,Rodrigo,4-2-3-1,Darren England,Match Report,,14.0,5.0,16.9,0.0,0,0,2022,Leeds United
6,2022-09-03,15:00,Premier League,Matchweek 6,Sat,Away,L,2.0,5.0,Brentford,1.7,2.3,68.0,17092.0,Robin Koch,4-2-3-1,Robert Jones,Match Report,,17.0,6.0,21.9,1.0,0,0,2022,Leeds United
7,2022-10-02,16:30,Premier League,Matchweek 9,Sun,Home,D,0.0,0.0,Aston Villa,0.4,2.2,44.0,36582.0,Liam Cooper,4-2-3-1,Stuart Attwell,Match Report,,6.0,1.0,16.8,0.0,0,0,2022,Leeds United
8,2022-10-09,14:00,Premier League,Matchweek 10,Sun,Away,L,1.0,2.0,Crystal Palace,1.0,1.1,46.0,25042.0,Liam Cooper,4-2-3-1,Paul Tierney,Match Report,,10.0,4.0,18.1,0.0,0,0,2022,Leeds United
9,2022-10-16,14:00,Premier League,Matchweek 11,Sun,Home,L,0.0,1.0,Arsenal,1.8,0.5,47.0,36700.0,Liam Cooper,4-2-3-1,Chris Kavanagh,Match Report,,15.0,4.0,18.1,0.0,0,1,2022,Leeds United
10,2022-10-20,20:15,Premier League,Matchweek 12,Thu,Away,L,0.0,2.0,Leicester City,1.3,0.8,54.0,30814.0,Patrick Bamford,4-2-3-1,Peter Bankes,Match Report,,14.0,2.0,18.3,0.0,0,0,2022,Leeds United
11,2022-10-23,14:00,Premier League,Matchweek 13,Sun,Home,L,2.0,3.0,Fulham,1.6,1.8,57.0,36447.0,Liam Cooper,4-2-3-1,Anthony Taylor,Match Report,,14.0,5.0,16.3,0.0,0,0,2022,Leeds United
12,2022-10-29,19:45,Premier League,Matchweek 14,Sat,Away,W,2.0,1.0,Liverpool,1.8,1.7,32.0,53274.0,Liam Cooper,4-2-3-1,Michael Oliver,Match Report,,14.0,6.0,19.4,3.0,0,0,2022,Leeds United
13,2022-11-05,15:00,Premier League,Matchweek 15,Sat,Home,W,4.0,3.0,Bournemouth,2.2,1.5,60.0,36304.0,Liam Cooper,4-2-3-1,Tony Harrington,Match Report,,17.0,3.0,15.9,0.0,1,1,2022,Leeds United
15,2022-11-12,15:00,Premier League,Matchweek 16,Sat,Away,L,3.0,4.0,Tottenham,1.1,1.8,45.0,61667.0,Liam Cooper,4-2-3-1,Michael Salisbury,Match Report,,12.0,5.0,16.2,2.0,0,0,2022,Leeds United
0,2022-08-07,16:30,Premier League,Matchweek 1,Sun,Home,L,0,2,Manchester City,0.5,2.2,25.0,62443.0,Declan Rice,4-2-3-1,Michael Oliver,Match Report,,6.0,1.0,16.3,0.0,0,0,2022,West Ham United
1,2022-08-14,14:00,Premier League,Matchweek 2,Sun,Away,L,0,1,Nott'ham Forest,2.1,1.3,57.0,29281.0,Declan Rice,4-3-3,Robert Jones,Match Report,,18.0,3.0,19.3,2.0,0,1,2022,West Ham United
3,2022-08-21,14:00,Premier League,Matchweek 3,Sun,Home,L,0,2,Brighton,0.8,1.7,50.0,62449.0,Declan Rice,4-2-3-1,Anthony Taylor,Match Report,,13.0,3.0,16.5,0.0,0,0,2022,West Ham United
5,2022-08-28,14:00,Premier League,Matchweek 4,Sun,Away,W,1,0,Aston Villa,0.6,0.5,42.0,41796.0,Declan Rice,3-5-2,David Coote,Match Report,,7.0,2.0,24.8,1.0,0,0,2022,West Ham United
6,2022-08-31,19:45,Premier League,Matchweek 5,Wed,Home,D,1,1,Tottenham,1.2,0.6,39.0,62450.0,Declan Rice,4-2-3-1,Peter Bankes,Match Report,,14.0,4.0,16.3,0.0,0,0,2022,West Ham United
7,2022-09-03,15:00,Premier League,Matchweek 6,Sat,Away,L,1,2,Chelsea,1.1,0.9,33.0,39923.0,Declan Rice,3-4-1-2,Andy Madley,Match Report,,6.0,3.0,15.9,0.0,0,0,2022,West Ham United
10,2022-09-18,14:15,Premier League,Matchweek 8,Sun,Away,L,0,1,Everton,1.0,0.4,47.0,39298.0,Declan Rice,4-2-3-1,Michael Oliver,Match Report,,14.0,4.0,15.2,0.0,0,0,2022,West Ham United
11,2022-10-01,17:30,Premier League,Matchweek 9,Sat,Home,W,2,0,Wolves,0.9,0.7,39.0,62444.0,Declan Rice,4-2-3-1,Paul Tierney,Match Report,,18.0,5.0,20.3,1.0,0,0,2022,West Ham United
13,2022-10-09,14:00,Premier League,Matchweek 10,Sun,Home,W,3,1,Fulham,2.4,0.7,50.0,62407.0,Declan Rice,4-2-3-1,Chris Kavanagh,Match Report,,16.0,7.0,16.4,0.0,1,1,2022,West Ham United
15,2022-10-16,14:00,Premier League,Matchweek 11,Sun,Away,D,1,1,Southampton,1.7,0.5,61.0,29159.0,Declan Rice,3-4-3,Peter Bankes,Match Report,,25.0,4.0,18.8,0.0,0,0,2022,West Ham United
16,2022-10-19,19:30,Premier League,Matchweek 12,Wed,Away,L,0,1,Liverpool,1.7,1.7,46.0,52982.0,Declan Rice,4-4-2,Stuart Attwell,Match Report,,7.0,2.0,15.2,0.0,0,1,2022,West Ham United
17,2022-10-24,20:00,Premier League,Matchweek 13,Mon,Home,W,2,0,Bournemouth,1.9,0.4,55.0,62447.0,Declan Rice,4-2-3-1,David Coote,Match Report,,19.0,3.0,21.1,1.0,1,1,2022,West Ham United
19,2022-10-30,16:15,Premier League,Matchweek 14,Sun,Away,L,0,1,Manchester Utd,1.1,1.2,47.0,73682.0,Declan Rice,4-2-3-1,Chris Kavanagh,Match Report,,13.0,4.0,22.3,0.0,0,0,2022,West Ham United
21,2022-11-06,14:00,Premier League,Matchweek 15,Sun,Home,L,1,2,Crystal Palace,0.3,1.0,42.0,62451.0,Declan Rice,4-2-3-1,Paul Tierney,Match Report,,5.0,2.0,16.7,0.0,0,0,2022,West Ham United
23,2022-11-12,15:00,Premier League,Matchweek 16,Sat,Home,L,0,2,Leicester City,1.4,1.8,54.0,62459.0,Declan Rice,4-2-3-1,Jarred Gillett,Match Report,,18.0,6.0,16.4,0.0,0,0,2022,West Ham United
0,2022-08-06,17:30,Premier League,Matchweek 1,Sat,Home,L,0.0,1.0,Chelsea,0.7,1.5,38.0,39254.0,Jordan Pickford,5-4-1,Craig Pawson,Match Report,,8.0,3.0,13.5,0.0,0,0,2022,Everton
1,2022-08-13,12:30,Premier League,Matchweek 2,Sat,Away,L,1.0,2.0,Aston Villa,1.6,2.3,43.0,41883.0,Jordan Pickford,3-4-3,Michael Oliver,Match Report,,15.0,4.0,14.8,0.0,0,0,2022,Everton
2,2022-08-20,15:00,Premier League,Matchweek 3,Sat,Home,D,1.0,1.0,Nott'ham Forest,1.5,1.0,49.0,39271.0,Jordan Pickford,3-4-3,Andre Marriner,Match Report,,19.0,8.0,20.8,1.0,0,0,2022,Everton
4,2022-08-27,15:00,Premier League,Matchweek 4,Sat,Away,D,1.0,1.0,Brentford,1.1,2.1,42.0,17009.0,Jordan Pickford,3-4-3,John Brooks,Match Report,,14.0,7.0,16.7,0.0,0,0,2022,Everton
5,2022-08-30,20:00,Premier League,Matchweek 5,Tue,Away,D,1.0,1.0,Leeds United,1.0,1.0,31.0,36338.0,Jordan Pickford,4-3-3,Darren England,Match Report,,7.0,2.0,19.1,1.0,0,0,2022,Everton
6,2022-09-03,12:30,Premier League,Matchweek 6,Sat,Home,D,0.0,0.0,Liverpool,1.7,2.1,39.0,39240.0,Jordan Pickford,4-3-3,Anthony Taylor,Match Report,,14.0,3.0,15.5,0.0,0,0,2022,Everton
7,2022-09-18,14:15,Premier League,Matchweek 8,Sun,Home,W,1.0,0.0,West Ham,0.4,1.0,53.0,39298.0,Conor Coady,4-3-3,Michael Oliver,Match Report,,7.0,2.0,21.4,0.0,0,0,2022,Everton
8,2022-10-01,15:00,Premier League,Matchweek 9,Sat,Away,W,2.0,1.0,Southampton,2.0,1.7,45.0,30510.0,Séamus Coleman,4-3-3,Andre Marriner,Match Report,,12.0,5.0,17.4,1.0,0,0,2022,Everton
9,2022-10-09,19:00,Premier League,Matchweek 10,Sun,Home,L,1.0,2.0,Manchester Utd,0.6,1.4,40.0,39258.0,Séamus Coleman,4-3-3,David Coote,Match Report,,11.0,2.0,17.4,0.0,0,0,2022,Everton
10,2022-10-15,17:30,Premier League,Matchweek 11,Sat,Away,L,0.0,2.0,Tottenham,0.4,2.2,38.0,61812.0,Séamus Coleman,5-3-2,Paul Tierney,Match Report,,4.0,0.0,13.5,0.0,0,0,2022,Everton
11,2022-10-19,19:30,Premier League,Matchweek 12,Wed,Away,L,0.0,1.0,Newcastle Utd,0.2,1.5,51.0,52247.0,Séamus Coleman,4-3-3,Tony Harrington,Match Report,,1.0,0.0,7.5,0.0,0,0,2022,Everton
12,2022-10-22,15:00,Premier League,Matchweek 13,Sat,Home,W,3.0,0.0,Crystal Palace,1.4,0.9,46.0,38939.0,Séamus Coleman,4-2-3-1,Simon Hooper,Match Report,,9.0,6.0,16.8,0.0,0,0,2022,Everton
13,2022-10-29,17:30,Premier League,Matchweek 14,Sat,Away,D,0.0,0.0,Fulham,0.9,1.9,44.0,23534.0,Séamus Coleman,4-2-3-1,John Brooks,Match Report,,9.0,4.0,12.2,0.0,0,0,2022,Everton
14,2022-11-05,17:30,Premier League,Matchweek 15,Sat,Home,L,0.0,2.0,Leicester City,1.2,2.3,49.0,39206.0,Séamus Coleman,4-3-3,David Coote,Match Report,,12.0,2.0,12.9,0.0,0,0,2022,Everton
16,2022-11-12,15:00,Premier League,Matchweek 16,Sat,Away,L,0.0,3.0,Bournemouth,0.8,2.4,64.0,10382.0,Jordan Pickford,4-3-3,Craig Pawson,Match Report,,15.0,3.0,18.0,0.0,0,0,2022,Everton
0,2022-08-06,15:00,Premier League,Matchweek 1,Sat,Away,L,0.0,2.0,Newcastle Utd,0.3,1.7,39.0,52245.0,Joe Worrall,3-4-1-2,Simon Hooper,Match Report,,5.0,0.0,16.0,0.0,0,0,2022,Nottingham Forest
1,2022-08-14,14:00,Premier League,Matchweek 2,Sun,Home,W,1.0,0.0,West Ham,1.3,2.1,43.0,29281.0,Joe Worrall,3-4-1-2,Robert Jones,Match Report,,13.0,6.0,14.1,1.0,0,0,2022,Nottingham Forest
2,2022-08-20,15:00,Premier League,Matchweek 3,Sat,Away,D,1.0,1.0,Everton,1.0,1.5,51.0,39271.0,Joe Worrall,3-4-1-2,Andre Marriner,Match Report,,14.0,5.0,19.3,1.0,0,0,2022,Nottingham Forest
4,2022-08-28,16:30,Premier League,Matchweek 4,Sun,Home,L,0.0,2.0,Tottenham,0.9,2.4,55.0,29296.0,Joe Worrall,3-4-3,Craig Pawson,Match Report,,17.0,1.0,20.0,1.0,0,0,2022,Nottingham Forest
5,2022-08-31,19:30,Premier League,Matchweek 5,Wed,Away,L,0.0,6.0,Manchester City,0.7,3.3,26.0,53409.0,Joe Worrall,5-3-2,Paul Tierney,Match Report,,8.0,1.0,18.4,1.0,0,0,2022,Nottingham Forest
6,2022-09-03,15:00,Premier League,Matchweek 6,Sat,Home,L,2.0,3.0,Bournemouth,1.9,0.8,52.0,28720.0,Joe Worrall,3-4-3,Michael Oliver,Match Report,,10.0,2.0,17.5,0.0,1,1,2022,Nottingham Forest
7,2022-09-16,20:00,Premier League,Matchweek 8,Fri,Home,L,2.0,3.0,Fulham,1.4,0.9,41.0,28654.0,Ryan Yates,3-4-1-2,Jarred Gillett,Match Report,,11.0,3.0,16.4,1.0,0,0,2022,Nottingham Forest
8,2022-10-03,20:00,Premier League,Matchweek 9,Mon,Away,L,0.0,4.0,Leicester City,1.1,1.3,49.0,32202.0,Steve Cook,4-2-3-1,Robert Jones,Match Report,,10.0,3.0,15.7,0.0,0,0,2022,Nottingham Forest
9,2022-10-10,20:00,Premier League,Matchweek 10,Mon,Home,D,1.0,1.0,Aston Villa,0.3,0.7,40.0,29208.0,Ryan Yates,4-3-3,Anthony Taylor,Match Report,,6.0,3.0,18.7,0.0,0,0,2022,Nottingham Forest
10,2022-10-15,15:00,Premier League,Matchweek 11,Sat,Away,L,0.0,1.0,Wolves,1.5,1.3,42.0,31554.0,Ryan Yates,4-3-3,Thomas Bramall,Match Report,,9.0,1.0,19.9,1.0,0,1,2022,Nottingham Forest
11,2022-10-18,19:30,Premier League,Matchweek 12,Tue,Away,D,0.0,0.0,Brighton,0.1,1.7,30.0,31463.0,Ryan Yates,4-3-3,Darren England,Match Report,,3.0,0.0,11.5,0.0,0,0,2022,Nottingham Forest
12,2022-10-22,12:30,Premier League,Matchweek 13,Sat,Home,W,1.0,0.0,Liverpool,1.9,1.6,25.0,29245.0,Ryan Yates,4-3-3,Paul Tierney,Match Report,,10.0,7.0,15.9,0.0,0,0,2022,Nottingham Forest
13,2022-10-30,14:00,Premier League,Matchweek 14,Sun,Away,L,0.0,5.0,Arsenal,0.4,2.3,31.0,60263.0,Ryan Yates,4-3-3,Simon Hooper,Match Report,,5.0,2.0,20.4,0.0,0,0,2022,Nottingham Forest
14,2022-11-05,15:00,Premier League,Matchweek 15,Sat,Home,D,2.0,2.0,Brentford,1.5,1.5,48.0,28869.0,Ryan Yates,4-3-1-2,Andre Marriner,Match Report,,15.0,6.0,17.8,0.0,0,0,2022,Nottingham Forest
16,2022-11-12,15:00,Premier League,Matchweek 16,Sat,Home,W,1.0,0.0,Crystal Palace,1.1,1.2,32.0,29045.0,Joe Worrall,4-3-3,John Brooks,Match Report,,9.0,2.0,15.2,1.0,0,0,2022,Nottingham Forest
0,2022-08-06,15:00,Premier League,Matchweek 1,Sat,Away,L,1,4,Tottenham,0.5,1.5,42.0,61732.0,James Ward-Prowse,5-3-2,Andre Marriner,Match Report,,10.0,2.0,17.1,0.0,0,0,2022,Southampton
1,2022-08-13,15:00,Premier League,Matchweek 2,Sat,Home,D,2,2,Leeds United,1.2,1.8,43.0,30815.0,James Ward-Prowse,3-4-3,Tony Harrington,Match Report,,14.0,4.0,18.1,1.0,0,0,2022,Southampton
2,2022-08-20,15:00,Premier League,Matchweek 3,Sat,Away,W,2,1,Leicester City,0.9,0.3,38.0,30850.0,James Ward-Prowse,4-2-3-1,Michael Salisbury,Match Report,,9.0,3.0,15.0,0.0,0,0,2022,Southampton
4,2022-08-27,12:30,Premier League,Matchweek 4,Sat,Home,L,0,1,Manchester Utd,1.4,1.1,49.0,31196.0,James Ward-Prowse,4-2-3-1,Andy Madley,Match Report,,17.0,4.0,13.8,0.0,0,0,2022,Southampton
5,2022-08-30,19:45,Premier League,Matchweek 5,Tue,Home,W,2,1,Chelsea,1.1,1.1,33.0,31542.0,James Ward-Prowse,4-2-3-1,Michael Oliver,Match Report,,9.0,5.0,17.8,0.0,0,0,2022,Southampton
6,2022-09-03,15:00,Premier League,Matchweek 6,Sat,Away,L,0,1,Wolves,1.2,0.8,49.0,30546.0,James Ward-Prowse,4-2-3-1,John Brooks,Match Report,,12.0,1.0,16.4,1.0,0,0,2022,Southampton
7,2022-09-16,20:00,Premier League,Matchweek 8,Fri,Away,L,0,1,Aston Villa,0.3,1.5,47.0,40758.0,James Ward-Prowse,4-2-3-1,Tony Harrington,Match Report,,7.0,1.0,20.2,0.0,0,0,2022,Southampton
8,2022-10-01,15:00,Premier League,Matchweek 9,Sat,Home,L,1,2,Everton,1.7,2.0,55.0,30510.0,James Ward-Prowse,4-4-2,Andre Marriner,Match Report,,22.0,6.0,16.4,1.0,0,0,2022,Southampton
9,2022-10-08,15:00,Premier League,Matchweek 10,Sat,Away,L,0,4,Manchester City,0.2,2.4,35.0,53365.0,James Ward-Prowse,4-4-2,Andy Madley,Match Report,,5.0,0.0,28.1,0.0,0,0,2022,Southampton
10,2022-10-16,14:00,Premier League,Matchweek 11,Sun,Home,D,1,1,West Ham,0.5,1.7,39.0,29159.0,James Ward-Prowse,4-3-3,Peter Bankes,Match Report,,10.0,8.0,19.6,0.0,0,0,2022,Southampton
11,2022-10-19,19:30,Premier League,Matchweek 12,Wed,Away,W,1,0,Bournemouth,1.0,1.0,46.0,10405.0,James Ward-Prowse,4-4-2,John Brooks,Match Report,,9.0,3.0,13.0,0.0,0,0,2022,Southampton
12,2022-10-23,14:00,Premier League,Matchweek 13,Sun,Home,D,1,1,Arsenal,0.7,1.0,41.0,31145.0,James Ward-Prowse,4-4-2,Robert Jones,Match Report,,10.0,3.0,19.4,0.0,0,0,2022,Southampton
13,2022-10-29,15:00,Premier League,Matchweek 14,Sat,Away,L,0,1,Crystal Palace,1.3,0.9,56.0,25130.0,James Ward-Prowse,3-5-2,Michael Salisbury,Match Report,,14.0,4.0,18.1,0.0,0,0,2022,Southampton
14,2022-11-06,14:00,Premier League,Matchweek 15,Sun,Home,L,1,4,Newcastle Utd,1.7,0.9,55.0,30402.0,James Ward-Prowse,4-2-3-1,Stuart Attwell,Match Report,,16.0,5.0,17.6,1.0,0,0,2022,Southampton
16,2022-11-12,15:00,Premier League,Matchweek 16,Sat,Away,L,1,3,Liverpool,1.1,1.9,40.0,53331.0,James Ward-Prowse,5-3-2,Simon Hooper,Match Report,,9.0,5.0,11.9,0.0,0,0,2022,Southampton
0,2022-08-06,15:00,Premier League,Matchweek 1,Sat,Away,L,1.0,2.0,Leeds United,1.3,0.8,60.0,36347.0,Rúben Neves,4-2-3-1,Robert Jones,Match Report,,15.0,6.0,18.9,0.0,0,0,2022,Wolverhampton Wanderers
1,2022-08-13,15:00,Premier League,Matchweek 2,Sat,Home,D,0.0,0.0,Fulham,0.9,1.5,59.0,31178.0,Rúben Neves,4-2-3-1,John Brooks,Match Report,,7.0,1.0,18.7,1.0,0,0,2022,Wolverhampton Wanderers
2,2022-08-20,12:30,Premier League,Matchweek 3,Sat,Away,L,0.0,1.0,Tottenham,0.7,1.7,50.0,61298.0,Rúben Neves,3-5-2,Simon Hooper,Match Report,,20.0,3.0,21.9,1.0,0,0,2022,Wolverhampton Wanderers
4,2022-08-28,14:00,Premier League,Matchweek 4,Sun,Home,D,1.0,1.0,Newcastle Utd,0.7,1.7,37.0,31311.0,Rúben Neves,4-3-3,Peter Bankes,Match Report,,10.0,4.0,20.7,1.0,0,0,2022,Wolverhampton Wanderers
5,2022-08-31,19:30,Premier League,Matchweek 5,Wed,Away,D,0.0,0.0,Bournemouth,1.5,0.4,65.0,10113.0,Rúben Neves,4-3-3,Anthony Taylor,Match Report,,17.0,3.0,17.7,1.0,0,0,2022,Wolverhampton Wanderers
6,2022-09-03,15:00,Premier League,Matchweek 6,Sat,Home,W,1.0,0.0,Southampton,0.8,1.2,51.0,30546.0,Rúben Neves,4-3-3,John Brooks,Match Report,,7.0,2.0,12.9,0.0,0,0,2022,Wolverhampton Wanderers
7,2022-09-17,12:30,Premier League,Matchweek 8,Sat,Home,L,0.0,3.0,Manchester City,0.4,1.1,41.0,31578.0,Rúben Neves,4-3-3,Anthony Taylor,Match Report,,6.0,1.0,19.6,2.0,0,0,2022,Wolverhampton Wanderers
8,2022-10-01,17:30,Premier League,Matchweek 9,Sat,Away,L,0.0,2.0,West Ham,0.7,0.9,61.0,62444.0,Rúben Neves,3-4-3,Paul Tierney,Match Report,,15.0,4.0,21.6,0.0,0,0,2022,Wolverhampton Wanderers
9,2022-10-08,15:00,Premier League,Matchweek 10,Sat,Away,L,0.0,3.0,Chelsea,1.1,1.9,43.0,39940.0,João Moutinho,4-2-3-1,Simon Hooper,Match Report,,8.0,2.0,14.5,1.0,0,0,2022,Wolverhampton Wanderers
10,2022-10-15,15:00,Premier League,Matchweek 11,Sat,Home,W,1.0,0.0,Nott'ham Forest,1.3,1.5,58.0,31554.0,Rúben Neves,4-2-3-1,Thomas Bramall,Match Report,,8.0,1.0,16.8,0.0,1,1,2022,Wolverhampton Wanderers
11,2022-10-18,20:15,Premier League,Matchweek 12,Tue,Away,L,1.0,2.0,Crystal Palace,0.8,1.2,49.0,25125.0,Rúben Neves,4-2-3-1,David Coote,Match Report,,10.0,4.0,16.3,1.0,0,0,2022,Wolverhampton Wanderers
12,2022-10-23,14:00,Premier League,Matchweek 13,Sun,Home,L,0.0,4.0,Leicester City,2.1,0.9,60.0,31425.0,Rúben Neves,4-2-3-1,Michael Oliver,Match Report,,21.0,5.0,15.7,1.0,0,0,2022,Wolverhampton Wanderers
13,2022-10-29,15:00,Premier League,Matchweek 14,Sat,Away,D,1.0,1.0,Brentford,0.6,1.4,42.0,17051.0,Rúben Neves,4-2-3-1,Robert Madley,Match Report,,13.0,4.0,20.4,0.0,0,0,2022,Wolverhampton Wanderers
14,2022-11-05,15:00,Premier League,Matchweek 15,Sat,Home,L,2.0,3.0,Brighton,1.2,1.5,29.0,30732.0,Rúben Neves,4-3-3,Graham Scott,Match Report,,7.0,4.0,18.3,0.0,1,1,2022,Wolverhampton Wanderers
16,2022-11-12,19:45,Premier League,Matchweek 16,Sat,Home,L,0.0,2.0,Arsenal,0.7,2.1,38.0,34624.0,João Moutinho,5-3-2,Stuart Attwell,Match Report,,11.0,2.0,20.0,1.0,0,0,2022,Wolverhampton Wanderers
